id,incident_number,author_id,content,created_at
cmt_001,INC-2024-001,usr_003,Payment gateway showing timeout errors for multiple customers. Investigating the root cause.,2024-01-20 14:32:00
cmt_002,INC-2024-001,usr_002,Initial investigation shows payment processor timeout is set to 5 seconds. Checking if this is sufficient during peak hours.,2024-01-20 14:45:00
cmt_003,INC-2024-001,usr_002,Found the issue - timeout was too low for current traffic volume. Increasing to 15 seconds and monitoring.,2024-01-20 15:30:00
cmt_004,INC-2024-001,usr_002,Configuration updated. Payment success rate back to normal levels. Continuing to monitor.,2024-01-20 16:00:00
cmt_005,INC-2024-001,usr_001,Incident resolved. Will create follow-up task to review timeout settings for other services.,2024-01-20 16:18:00
cmt_006,INC-2024-002,usr_009,Multiple users reporting login failures across web and mobile platforms.,2024-01-22 09:17:00
cmt_007,INC-2024-002,usr_005,Checking authentication service logs. Seeing Redis connection errors.,2024-01-22 09:28:00
cmt_008,INC-2024-002,usr_005,Redis cache appears corrupted. Restarting authentication service and clearing cache.,2024-01-22 09:40:00
cmt_009,INC-2024-002,usr_005,Service restarted successfully. Login functionality restored. Users should try logging in again.,2024-01-22 10:30:00
cmt_010,INC-2024-002,usr_005,Incident closed. Root cause documented and preventive measures implemented.,2024-01-22 10:48:00
cmt_011,INC-2024-003,usr_010,Website response times have increased significantly over the past hour. Multiple pages affected.,2024-01-25 11:25:00
cmt_012,INC-2024-003,usr_007,Database performance metrics show several slow queries. Analyzing query execution plans.,2024-01-25 11:50:00
cmt_013,INC-2024-003,usr_007,Identified inefficient JOIN operations in product catalog queries. Implementing optimization.,2024-01-25 12:30:00
cmt_014,INC-2024-003,usr_007,Query optimization deployed. Page load times back to normal. Monitoring for stability.,2024-01-25 14:15:00
cmt_015,INC-2024-003,usr_007,Performance stable for 2 hours. Incident resolved.,2024-01-25 14:33:00
cmt_016,INC-2024-004,usr_002,Email notifications stopped working after last night's maintenance window.,2024-01-28 08:48:00
cmt_017,INC-2024-004,usr_004,SMTP configuration was reset during maintenance. Restoring previous settings.,2024-01-28 09:10:00
cmt_018,INC-2024-004,usr_004,Configuration restored. Email service operational. Sending test notifications.,2024-01-28 10:00:00
cmt_019,INC-2024-004,usr_004,Test notifications successful. Incident resolved.,2024-01-28 10:18:00
cmt_020,INC-2024-005,usr_006,Users reporting that items added to cart are not persisting between sessions.,2024-02-01 13:28:00
cmt_021,INC-2024-005,usr_007,Investigating session storage and database persistence for cart functionality.,2024-02-01 14:00:00
cmt_022,INC-2024-005,usr_007,Found issue with session token validation. Working on a fix.,2024-02-01 15:00:00
cmt_023,INC-2024-005,usr_007,Testing potential fix in staging environment. Will deploy if successful.,2024-02-01 15:25:00
cmt_024,INC-2024-009,usr_005,SSL certificate expires in 7 days. Renewing now to prevent service disruption.,2024-02-07 12:03:00
cmt_025,INC-2024-009,usr_005,Certificate renewed successfully. Updated load balancer configuration.,2024-02-07 13:25:00
cmt_026,INC-2024-009,usr_005,Certificate deployment verified. All services using new certificate. Incident resolved.,2024-02-07 13:33:00
